{"cameraMode":{"drawMode":0,"name":"Shaded","section":"Shading Mode"},"sceneLighting":true,"audioPlay":false,"sceneViewState":{"showFog":true,"showMaterialUpdate":false,"showSkybox":true,"showFlares":true,"showImageEffects":true,"showParticleSystems":true},"in2DMode":false,"pivot":{"x":-39.926700592041019,"y":7.5914154052734379,"z":-61.2909049987793},"rotation":{"x":0.3470224440097809,"y":0.5809378027915955,"z":-0.2997879087924957,"w":0.672471284866333},"size":43.046722412109378,"orthographic":false}