{"cameraMode":{"drawMode":0,"name":"Shaded","section":"Shading Mode"},"sceneLighting":false,"audioPlay":false,"sceneViewState":{"showFog":true,"showMaterialUpdate":false,"showSkybox":false,"showFlares":true,"showImageEffects":true,"showParticleSystems":true},"in2DMode":false,"pivot":{"x":-4.7675628662109379,"y":2.9382314682006838,"z":7.086887359619141},"rotation":{"x":0.3470224440097809,"y":0.5809378027915955,"z":-0.2997879087924957,"w":0.672471284866333},"size":7.515861988067627,"orthographic":false}