{"cameraMode":{"drawMode":0,"name":"Shaded","section":"Shading Mode"},"sceneLighting":false,"audioPlay":false,"sceneViewState":{"showFog":true,"showMaterialUpdate":false,"showSkybox":false,"showFlares":true,"showImageEffects":true,"showParticleSystems":true},"in2DMode":false,"pivot":{"x":-0.000009350478649139404,"y":-0.007059905678033829,"z":0.014621872454881668},"rotation":{"x":0.09582474082708359,"y":-0.17524102330207826,"z":0.017140358686447145,"w":0.9797013998031616},"size":1.267958641052246,"orthographic":false}