{"cameraMode":{"drawMode":0,"name":"Shaded","section":"Shading Mode"},"sceneLighting":false,"audioPlay":false,"sceneViewState":{"showFog":true,"showMaterialUpdate":false,"showSkybox":false,"showFlares":true,"showImageEffects":true,"showParticleSystems":true},"in2DMode":false,"pivot":{"x":-0.00026591867208480835,"y":0.0009523592889308929,"z":-0.002838714048266411},"rotation":{"x":0.09582474082708359,"y":-0.17524102330207826,"z":0.017140358686447145,"w":0.9797013998031616},"size":0.9121989607810974,"orthographic":false}