{"cameraMode":{"drawMode":0,"name":"Shaded","section":"Shading Mode"},"sceneLighting":false,"audioPlay":false,"sceneViewState":{"showFog":true,"showMaterialUpdate":false,"showSkybox":false,"showFlares":true,"showImageEffects":true,"showParticleSystems":true},"in2DMode":false,"pivot":{"x":10.0,"y":19.399999618530275,"z":-30.200000762939454},"rotation":{"x":-0.5123416185379028,"y":-0.0471007376909256,"z":0.028157301247119905,"w":-0.8570269346237183},"size":15.529693603515625,"orthographic":false}