{"cameraMode":{"drawMode":0,"name":"Shaded","section":"Shading Mode"},"sceneLighting":false,"audioPlay":false,"sceneViewState":{"showFog":true,"showMaterialUpdate":false,"showSkybox":false,"showFlares":true,"showImageEffects":true,"showParticleSystems":true},"in2DMode":false,"pivot":{"x":0.00021297484636306763,"y":0.0037544649094343187,"z":0.006633460521697998},"rotation":{"x":0.09582474082708359,"y":-0.17524102330207826,"z":0.017140358686447145,"w":0.9797013998031616},"size":0.04186604917049408,"orthographic":false}