{"cameraMode":{"drawMode":0,"name":"Shaded","section":"Shading Mode"},"sceneLighting":true,"audioPlay":false,"sceneViewState":{"showFog":true,"showMaterialUpdate":false,"showSkybox":true,"showFlares":true,"showImageEffects":true,"showParticleSystems":true},"in2DMode":false,"pivot":{"x":-12.686323165893555,"y":-26.783098220825197,"z":-67.7201156616211},"rotation":{"x":0.29591912031173708,"y":0.6672093272209168,"z":-0.32973772287368777,"w":0.5987797379493713},"size":106.18311309814453,"orthographic":false}