{"cameraMode":{"drawMode":0,"name":"Shaded","section":"Shading Mode"},"sceneLighting":false,"audioPlay":false,"sceneViewState":{"showFog":true,"showMaterialUpdate":false,"showSkybox":false,"showFlares":true,"showImageEffects":true,"showParticleSystems":true},"in2DMode":false,"pivot":{"x":-27.076799392700197,"y":6.8349809646606449,"z":-35.45930099487305},"rotation":{"x":0.04637537896633148,"y":0.06797615438699722,"z":-0.003162347013130784,"w":0.9966043829917908},"size":3.8010871410369875,"orthographic":false}