{"cameraMode":{"drawMode":0,"name":"Shaded","section":"Shading Mode"},"sceneLighting":false,"audioPlay":false,"sceneViewState":{"showFog":true,"showMaterialUpdate":false,"showSkybox":false,"showFlares":true,"showImageEffects":true,"showParticleSystems":true},"in2DMode":false,"pivot":{"x":-3.621272563934326,"y":-0.4511259198188782,"z":3.5266635417938234},"rotation":{"x":-0.09300727397203446,"y":0.8802306652069092,"z":-0.19342884421348573,"w":-0.42324694991111758},"size":6.475218772888184,"orthographic":false}