{"cameraMode":{"drawMode":0,"name":"Shaded","section":"Shading Mode"},"sceneLighting":false,"audioPlay":false,"sceneViewState":{"showFog":true,"showMaterialUpdate":false,"showSkybox":false,"showFlares":true,"showImageEffects":true,"showParticleSystems":true},"in2DMode":false,"pivot":{"x":-9.428644180297852,"y":7.896063804626465,"z":5.263041973114014},"rotation":{"x":0.21745248138904572,"y":0.4426078200340271,"z":-0.11155498027801514,"w":0.8627690672874451},"size":3.8585731983184816,"orthographic":true}