{"cameraMode":{"drawMode":0,"name":"Shaded","section":"Shading Mode"},"sceneLighting":false,"audioPlay":false,"sceneViewState":{"showFog":true,"showMaterialUpdate":false,"showSkybox":false,"showFlares":true,"showImageEffects":true,"showParticleSystems":true},"in2DMode":false,"pivot":{"x":364.7197265625,"y":725.684814453125,"z":-73.98898315429688},"rotation":{"x":0.8220945596694946,"y":0.01195000484585762,"z":-0.017266524955630304,"w":0.568964421749115},"size":518.99658203125,"orthographic":false}