{"cameraMode":{"drawMode":0,"name":"Shaded","section":"Shading Mode"},"sceneLighting":true,"audioPlay":false,"sceneViewState":{"showFog":true,"showMaterialUpdate":false,"showSkybox":true,"showFlares":true,"showImageEffects":true,"showParticleSystems":true},"in2DMode":false,"pivot":{"x":2.730499267578125,"y":96.73186492919922,"z":-132.15248107910157},"rotation":{"x":0.05384678766131401,"y":-0.36566096544265749,"z":0.021192938089370729,"w":0.9289550185203552},"size":0.613480806350708,"orthographic":true}